Link,Store Name,Email
http://stores.ebay.com/audiersatzteile2012,Classic-Parts-NRW,info@classic-parts-nrw.de
http://stores.ebay.com/fahrenmitstil,fahren-mit-stil,post@fahren-mit-stil.de
http://stores.ebay.com/klassencarparts,klassencarparts ,info@klassencarparts.com
http://stores.ebay.com/mastedaautoteile,Masteda-autoteile,mastedapartsde@gmail.com
http://stores.ebay.com/masmotorstore,Mas-motorstore,mas.motorstore@gmail.com
http://stores.ebay.com/masautoteile,Mas-Autoteile,masautoteile@gmail.com
http://stores.ebay.com/mastedaparts,Masteda-Parts,mastedaparts@gmail.com
http://stores.ebay.com/autotuningcarpartsonline,Autotuning Carparts-Online,info@carparts-online.de
http://stores.ebay.com/delprioreoldtimerparts,DEL PRIORE CLASSIC PARTS,info2@del-priore.com
http://stores.ebay.com/vegoautoteile,VEGO Autoteile GmbH,info@vego-autoteile.de
http://stores.ebay.com/crwautoteile,crw-autoteile,ebay@crw-autoteile.de
http://stores.ebay.com/masautoteile,Mas-Autoteile,masautoteile@gmail.com
http://stores.ebay.com/oemsuppliereu,OEMSUPPLIEREU,ebay@u2autoparts.com
http://stores.ebay.com/rscauto,RSCAUTO,ebay@rscauto.de
http://stores.ebay.com/kfzteileschnellversand24,kfzteileschnellversand24,info@kfzteileschnellversand24.de
http://stores.ebay.com/pkbuch,PK-Buch,pk-buch@gmx.de
http://stores.ebay.com/maxteilede,maxteilede,
http://stores.ebay.com/pityuse,pityuse,andreas.schade@gmx.de
http://stores.ebay.com/tornaumotoren,tornaumotoren,info@tornau-motoren.de
http://stores.ebay.com/autoteileokzam,Autoteile-Okzam,info@okzam.de
http://stores.ebay.com/rstag1,RST-AG,info@rst-ag.com
http://stores.ebay.com/webercarsinparts,WEBER-CARS in parts,info@weber-cars.de
http://stores.ebay.com/crisfossthesportyone,CRISFOSS.COM Ersatzteile Porsche,crisfoss@gmx.de
http://stores.ebay.com/zouchen93,zouchen93,
http://stores.ebay.com/polarisofficialstore,polaris_official_store,
http://stores.ebay.com/northwestbicycle,Northwest Bicycle,
http://stores.ebay.com/aosomdirect,Aosom-Direct,
http://stores.ebay.com/flashbackenterprisesinc,Flashback Enterprises Inc,
http://stores.ebay.com/saguenaymarine,Saguenay Marine Inc.,
http://stores.ebay.com/washingtonpitposse,Mattmattmotorcycle,
http://stores.ebay.com/classicmotorcycledecals2,classicmotorcycledecals2,
http://stores.ebay.com/rockcotton,rockcotton,
http://stores.ebay.com/acutaboveracing,A Cut Above Racing,
http://stores.ebay.com/vintageavenueshop,VintageAvenueShop,
http://stores.ebay.com/fssgogogo,fssgogogo,
http://stores.ebay.com/tdpro99,tdpro99,
http://stores.ebay.com/partsbymeana,Parts by Meana,
http://stores.ebay.com/dacarmotosrl,dacarmoto,dacarmotonapoli1@gmail.com
http://stores.ebay.com/classicbikeshop,Classic Bike Shop,sales@classicbikeshop.co.uk
http://stores.ebay.com/bikesinpiecessd,Bikes-In-Pieces,
http://stores.ebay.com/vagnjensen,VagnJensen,info@vagn-jensen.dk
http://stores.ebay.com/motorcyclecontact,MotorcycleContact,
http://stores.ebay.com/pacmoto,PACMOTO.COM,
http://stores.ebay.com/mxmegastore,MxMegastore,
http://stores.ebay.com/crossroad1639,Crossroad1639,
http://stores.ebay.com/jaybeebikerbits,jaybeebikerbits,joannebarker8@icloud.com
http://stores.ebay.com/uaspareparts,UA-spareparts,
http://stores.ebay.com/jmemotosport,Moto_Parts_Supply,
http://stores.ebay.com/velocitycycles17050,velocitycycles17050,
http://stores.ebay.com/fbqmpjyg019,fbqmpjyg019,
http://stores.ebay.com/piratemxatv,PIRATE MX ,
http://stores.ebay.com/yamahaworld46,Yamaha World,
http://stores.ebay.com/shirebikes,shire-bikes,jack@shirebikes.co.uk
http://stores.ebay.com/machivmotors,MachIVMotors,
http://stores.ebay.com/burtonbikebits,classicbikespares,sales@burtonbikebits.net
http://stores.ebay.com/motorcyclepartsgiant,Motorcycle Parts Giant,
http://stores.ebay.com/robsusedatvmcparts,Robs used ATV/MC parts,
http://stores.ebay.com/aaamotorhk,AAAMOTORHK,
http://stores.ebay.com/thedzone,The D Zone,
http://stores.ebay.com/alansmotorcyclesandparts,AlansMotorcyclesAndParts,
http://stores.ebay.com/azpwrsports,Recreational Recyclers,
http://stores.ebay.com/leclarepowersports,LeClare Powersports,
http://stores.ebay.com/hfamilypartsshop,H FAMILY Japan,
http://stores.ebay.com/ktndentalsupply,ktndentalsupply,
http://stores.ebay.com/motodocparts,Moto Doc Parts,
http://stores.ebay.com/pnwmotorsportsllc,PNW MotorSports LLC,
http://stores.ebay.com/jtaylor101store,j_taylor101store,
http://stores.ebay.com/conexcycle,Conex Cycle,
http://stores.ebay.com/goneridingparts,GoneRidingParts,
http://stores.ebay.com/colchestermcbreakers01206864657,COLCHESTER MC BREAKERS 01206864657,info@colchesterbreakers.co.uk
http://stores.ebay.com/used2bviperizer2,Cleaning out my garage!,
http://stores.ebay.com/hiautopia,Hi-Autopia,
http://stores.ebay.com/leicesterbikeparts,leicesterbikeparts,
http://stores.ebay.com/countrysidedave,countrysidedave,
http://stores.ebay.com/antaresitaliasrl,ANTARES ITALIA SRL,antaresitaliasrl@tiscali.it
http://stores.ebay.com/nevadacycleparts,Nevada Cycle Parts,
http://stores.ebay.com/cycleparts4u,Cycle Parts 4U,
http://stores.ebay.com/vintageperformancerubber,Vintage Performance Rubber,
http://stores.ebay.com/oneeyedmonstermotorcycleparts,Sadiegirls Vintage Bike Parts OEMM,
http://stores.ebay.com/edoering74,Ted's Cycle Shed ,
http://stores.ebay.com/kingofparts,KINGOFPARTS,
http://stores.ebay.com/mottovoron,MottoVoron,
http://stores.ebay.com/speedaddicts,speedaddicts,
http://stores.ebay.com/wisconsinhd,WisconsinHD,
http://stores.ebay.com/tdpowersports450,tdpowersports450,
http://stores.ebay.com/ktmpartsexpress,KTM Parts Express,
http://stores.ebay.com/ciclocarmatera,ciclocar_matera,infociclocarsrl@alphafrau.de
http://stores.ebay.com/jrjetskisalvage,J&R Jet Ski Salvage,
http://stores.ebay.com/bikenowmotorsports,BikeNow Motorsports,
http://stores.ebay.com/ozarkbikebreaker,OzarkBikebreaker,
http://stores.ebay.com/mtmotorcyclesltd,MT Motorcycles Ltd,mtmotorcycles@aol.com
http://stores.ebay.com/recyclespowersports,ReCycles Powersports,
http://stores.ebay.com/stevescyclesalvage229,StevesCycleSalvage_229,
http://stores.ebay.com/smbikeparts,SM Bike Parts,
http://stores.ebay.com/thecyclebarn1,thecyclebarn,
http://stores.ebay.com/carbonbikes,carbon bikes,
http://stores.ebay.com/motoplaneparts,motoplaneparts,
http://stores.ebay.com/borescycle,Mikes Motorcycle Parts,
http://stores.ebay.com/speedoutfitters,Speed Outfitters,
http://stores.ebay.com/classiccyclepartsonline,Motomentum (Classic Cycle Parts),
http://stores.ebay.com/jdcycles,jdcycles,
http://stores.ebay.com/oemdirtbikeparts,OEMdirtbikeparts For MX Motorcycles,
http://stores.ebay.com/railsideperformance,Railside Performance,
http://stores.ebay.com/altritempiricambi,Altritempiricambi,altritempisrls@gmail.com
http://stores.ebay.com/anygivinday365,anygivinday365,
http://stores.ebay.com/theforgellcspearhead,theforgellc_spearhead,
http://stores.ebay.com/raceboltuk,Racebolt UK,info@racebolt.co.uk
http://stores.ebay.com/cyclesexchange,CYCLES EXCHANGE,
http://stores.ebay.com/abcmotorsports,AbcMotorsports,
http://stores.ebay.com/recycle2,re-cycle-2,
http://stores.ebay.com/12kmotorau,12K_Motor,
http://stores.ebay.com/jester151,Money and More Recycle,
http://stores.ebay.com/pipewerxbikes,PIPE WERX BIKES,pipewerx@hotmail.co.uk
http://stores.ebay.com/fanandlight,fanandlight,
http://stores.ebay.com/verdowmcycle,VERDOWMCYCLE,
http://stores.ebay.com/moroneysmotorsports,moroneys-motorsports,
http://stores.ebay.com/lionpartspowersports,Lionparts Powersports,
http://stores.ebay.com/atvdrmike,atvdrmike,
http://stores.ebay.com/cintiolisasmessina,Ricambi moto epoca Honda Kawasaki,info@cintioli.it
http://stores.ebay.com/motorradtechnikmaass,MOPART GmbH,info@mopart.de
http://stores.ebay.com/birdmanmoto,birdman-moto,
http://stores.ebay.com/lupusclassics,Lupus Classics,lupusclassics@yahoo.com
http://stores.ebay.com/sssarkansas,SSS Arkansas,
http://stores.ebay.com/kiwisports,Kiwi Sports,
http://stores.ebay.com/heritageautoparts,Heritage Auto Parts,
http://stores.ebay.com/yunchenmeiji001,yunchenmeiji001,
http://stores.ebay.com/cyclekiller,Cyclekiller,
http://stores.ebay.com/centralfloridapowersports,Central Florida Powersports,
http://stores.ebay.com/totalpowerparts,Total Power Parts,
http://stores.ebay.com/themotorcafe,The Motor Cafe,
http://stores.ebay.com/countrysidesalvage,Countryside-salvage,
http://stores.ebay.com/athenssportcycles,athens_sport_cycles,
http://stores.ebay.com/motorhot,MotorHot,
http://stores.ebay.com/appautoparts2020,app_autoparts2020,
http://stores.ebay.com/theburtnerpartshouse,theburtnerpartshouse,
http://stores.ebay.com/powerpointracing,Powerpoint-Racing,bike.teile@web.de
http://stores.ebay.com/mthmotorradteilehannover,MTH-Motorradteilehannover,motorradteile.hannover@web.de
http://stores.ebay.com/drbikes,DRBikes,sales@drbikes.co.uk
http://stores.ebay.com/cleanupcrew2,Cleaning out my garage,
http://stores.ebay.com/durianbikers,Durian Bikers,
http://stores.ebay.com/motoracepowersports,MOTORACE POWERSPORTS,
http://stores.ebay.com/everythingandmoremotorsports,Everything And More Motorsports,
http://stores.ebay.com/djmparts01,Motorbike Spare Parts,
http://stores.ebay.com/aapowersportparts,A&A Powersport Parts,
http://stores.ebay.com/bairspowersports,Bair's Powersports,
http://stores.ebay.com/xtremepowersportsaustralia,Xtreme PowerSports Australia,
http://stores.ebay.com/tspi3003,Tspi3003,
http://stores.ebay.com/enzomiller,enzomiller,
http://stores.ebay.com/esnewandusedharleyparts,E's New and Used Harley parts,
http://stores.ebay.com/juddracingmx,JUDD RACING KTM UK,ebay@juddracing.co.uk
http://stores.ebay.com/usmotoman,USMOTOMAN,
http://stores.ebay.com/vmxdismantlers,vmx dismantlers,
http://stores.ebay.com/brooksbarnmotorcycles,Brooks Barn Motorcycles,info@brooksbarn.co.uk
http://stores.ebay.com/crisgaraccesories,Crisgar Accesories,
http://stores.ebay.com/motorcyclepartsstore,MCD Parts LTD,rai.hirt@googlemail.com
http://stores.ebay.com/auburnvintagemotorcycle,Auburn Vintage Motorcycle,
http://stores.ebay.com/motorsportfreaks,Motorsport Freaks,
http://stores.ebay.com/goldenricambi,goldenricambi,info@goldencarsnapoli.it
http://stores.ebay.com/motozeta,MOTO-ZETA,fabio03@hotmail.it
http://stores.ebay.com/coffsmotorsports,coffsmotorsports,
http://stores.ebay.com/100yi,100yi,
http://stores.ebay.com/powersportsmonkey,PowerSports Monkey,
http://stores.ebay.com/motorheadzone,Motorheadzone | Helmet & Windshield,
http://stores.ebay.com/foxcycleworks,Fox Cycle Works,
http://stores.ebay.com/jentschracingandapparel,JENTSCH RACING AND APPAREL,
http://stores.ebay.com/superbike24germany,SUPERBIKE 24 GERMANY,info@superbike24.de
http://stores.ebay.com/cyclewarehouse,cyclewarehouse,
http://stores.ebay.com/uniquepartswarehouse,Unique Parts Warehouse,
http://stores.ebay.com/mxpowerplay,mxpowerplay,
http://stores.ebay.com/socalpowersportsracing,SoCal Powersports,
http://stores.ebay.com/averagejoesgarage,First Time Moto,
http://stores.ebay.com/motopartsaz,MotopartsAZ,
http://stores.ebay.com/eramotoricambi,Eramoto Ricambi,eramoto@hotmail.it
http://stores.ebay.com/motorradteilehannoveranderten,MotorradTeileHannover,kontakt@motorradteilehannover.de
http://stores.ebay.com/redlinemotosports,REDLINE MOTOSPORTS,
http://stores.ebay.com/vostore,vostore,
http://stores.ebay.com/classicpartsmart,Classicpartsmart,
http://stores.ebay.com/jonkliao,jonkliao,
http://stores.ebay.com/thepartsgalaxy,The Parts Galaxy,
http://stores.ebay.com/partscargo1,PartsCargo,
http://stores.ebay.com/blockperformanceparts,BLOCK Performance Parts,
http://stores.ebay.com/njcraceparts,NJC Race Parts,
http://stores.ebay.com/tcbspeed,tcbspeed,
http://stores.ebay.com/kesale,KE-Sales,
http://stores.ebay.com/metroeastmustangparts,metroeastmustangparts,
http://stores.ebay.com/bestparts4less4x4,bestparts4less4x4,
http://stores.ebay.com/jegshighperformance,JEGS High Performance,
http://stores.ebay.com/rockin92xj,rockin92xj,
http://stores.ebay.com/skidauto,Skid Auto,
http://stores.ebay.com/susucarautopartstore,SUSUCAR AUTOPART STORE,
http://stores.ebay.com/sparktecmotors,Sparktec Motors,
http://stores.ebay.com/amswegan,PartsFlow,
http://stores.ebay.com/caridautoparts,CARiD AUTOPARTS,
http://stores.ebay.com/danshouseofspeed,House of Speed!,
http://stores.ebay.com/wundercarparts,WunderCarParts,
http://stores.ebay.com/21motorsports,synergyoffroad,
http://stores.ebay.com/extramiletools,Extra Mile Tools,
http://stores.ebay.com/macautopartsandaccessories,MAC Auto Parts and Accessories,
http://stores.ebay.com/oempartstitan,oempartstitan,
http://stores.ebay.com/automotivestuffstore,automotivestuff store,
http://stores.ebay.com/minfunnelracingllc,MINDFUNNEL Racing LLC,
http://stores.ebay.com/clevelandpap,Cleveland Power & Performance,
http://stores.ebay.com/skspeedracingequipment,S-K-Speed-Racing-Equipment,
http://stores.ebay.com/discountacparts,Discount AC Parts,
http://stores.ebay.com/buyautoparts,Buy Auto Parts,
http://stores.ebay.com/drivarautoparts,Drivar Auto Parts,
http://stores.ebay.com/dfjperformance,JJBoy925,
http://stores.ebay.com/allterraindepotok,AllTerrainDepotOK,
http://stores.ebay.com/paintapart,Paint A Part,
http://stores.ebay.com/autopartspriority,Auto Parts Priority,
http://stores.ebay.com/uspartsoutlet,US PARTS OUTLET,
http://stores.ebay.com/fitriteautoparts,FitRite Auto Parts,
http://stores.ebay.com/propartsautobg,pro_parts_autobg,anton@proparts.bg
http://stores.ebay.com/autocarparts24,auto-carparts24,support@crw-autoteile.de
http://stores.ebay.com/glaciergamescollectorsparadise,Glacier Games Collectors Paradise,support@crw-autoteile.de
http://stores.ebay.com/schwabenmaxmotorradzubehor,Schwabenmax Motorradzubehör,info@schwabenmax.de
http://stores.ebay.com/vergasermanufaktur,Vergasermanufaktur,its.steinkopff@gmail.com
http://stores.ebay.com/mmmautomotive,mmm-automotive,ebay@mmm-automotive.de
http://stores.ebay.com/autoparts63,Autoparts63,as@autoparts63.de
http://stores.ebay.com/oliverracing,OLIVER RACING,ebay@oliver-racing.com
http://stores.ebay.com/grpusashop,GRP USA Shop,ebay-service@g-r-p.de
http://stores.ebay.com/claudiamarie1,claudiamarie1,info@italienische-motorraeder.de
http://stores.ebay.com/letefpartsperformance,Le Tef Parts & Performance,info@letef-performance.de
http://stores.ebay.com/alotperformanceparts,ALOT PERFORMANCE PARTS,info@alot-performance.net
http://stores.ebay.com/baseparts,baseparts,info@baseparts.de
http://stores.ebay.com/firstautoteile,First-Autoteile,info@first-autoteile.de
http://stores.ebay.com/bikeconnectionwarehouse,Bike Connection Warehouse,bikeconnection@t-online.de
http://stores.ebay.com/kfzteilemayer,KFZTEILE-MAYER,support@kfzteile-mayer.de
http://stores.ebay.com/diebesteadresse,DIE BESTEADRESSE,goldwing.heesch@t-online.de
http://stores.ebay.com/bmwmotorradzubehor,BMW Motorrad Zubehör,info@boxup.de
http://stores.ebay.com/kfzteileagsyke,Kfz-Teile-AG Syke,ac-gehlsen@outlook.de
http://stores.ebay.com/ukmotors1,uk-motors,info@uk-motors.de
http://stores.ebay.com/cartec34online,Cartec34,Cartec34@outlook.de
http://stores.ebay.com/getragobonn,Seatech®-Bonn,verkauf@getrago.com
http://stores.ebay.com/acrcaraudiostore,acr_caraudio_store,info@acr-schweinfurt.de
http://stores.ebay.com/brunnergroupservice,angebot-preis,ebay-brunner.group@t-online.de
http://stores.ebay.com/wietecshop,wie-tec-shop,info@wie-tec.de
http://stores.ebay.com/oldieteilemarktkrefeld,offroad-teile-markt,1@oldie-teile-markt-krefeld.de
http://stores.ebay.com/ebertsportscars,Ebert Sportscars,markusebert@gmx.de
http://stores.ebay.com/linoowsmercantile,Linoows Briefmarken&Antikshop,versand@auktionshaus-rheinsberg.de
http://stores.ebay.com/snowwaterbonn,snow-water,restposten_eckenputzer@web.de
http://stores.ebay.com/dematrading,dehso-shop,ebay@dehso.de
http://stores.ebay.com/autorecyclingkempers,Autorecycling Kempers,ersatzteile@kempers.de
http://stores.ebay.com/pamperintravemuende,pamperin-travemuende,info@fotohaus-pamperin.de
http://stores.ebay.com/gundesign,GuN Design UG gARCAREK u. nURNAT UG,GUN-DESIGN@gmx.de
http://stores.ebay.com/partsitaly,parts-italy,
http://stores.ebay.com/sekfzhandel,S&E Kfz-Handel,s-ekfz@hotmail.com
http://stores.ebay.com/emgteilehandel,emg-teile-handel,info@emghandel.com
http://stores.ebay.com/racing24detuningshop,racing24de tuning shop,auktion@racing24.de
http://stores.ebay.com/alstersale,Alstersale,shenzhen@gmx.de
http://stores.ebay.com/autoersatzteile2000de12,autoersatzteile2000-DE,autoersatzteile2000@googlemail.com
http://stores.ebay.com/partsonline24,parts-online24,po24@crw-autoteile.de
http://stores.ebay.com/hvautogmbh,Integrale & Evo spare parts hvauto,info@hvauto.de
http://stores.ebay.com/mybashop,MYBA-SHOP,myba-s@hotmail.com
http://stores.ebay.com/maseratipartsteileshopebersoldt,Maserati & Ferrari Teile Ebersoldt,info@ebersoldt.de
http://stores.ebay.com/olditobi,oldi_tobi,olditobi@gmx.de
http://stores.ebay.com/elonlinehandel,e.l.onlinehandel,lehr.info@online.de
http://stores.ebay.com/crwcarparts,crw-carparts,cp@crw-autoteile.de
http://stores.ebay.com/vwteileposna,vw-teile-posna,info@vw-teile-posna.de
http://stores.ebay.com/supportcenter24,support-center24,info@support-center24.de
http://stores.ebay.com/tangerine911,tangerine911,info@carpoint.de
http://stores.ebay.com/autoteilegoldstein,autoteilegoldstein,autoteile-goldstein@gmx.de
http://stores.ebay.com/bmwtestcars,bmw_testcars,autoteile-goldstein@gmx.de
http://stores.ebay.com/mgteileshop,MG-Teileshop,Info@MG-Teileshop.de
http://stores.ebay.com/quadcenterkupferzellbuwstapler,Quadcenter Kupferzell & BUW Stapler,info@buw-stapler.de
http://stores.ebay.com/motorradshopbikkon,bikkon2015,shop@bikkon.de
http://stores.ebay.com/jbcarparts05,JB.Car-Parts05,jb.car-parts05@outlook.de
http://stores.ebay.com/kemptnercarparts,kemptner_carparts,info@kemptner-carparts.de
http://stores.ebay.com/nbpartsersatzteile,nb-parts-ersatzteile,shop@nb-parts.de
http://stores.ebay.com/hawgshop,HAWG-SHOP,ebay@hawg-shop.de
http://stores.ebay.com/mercedessammelsurium,Mercedessammelsurium,mercedessammelsurium@t-online.de
http://stores.ebay.com/oldtimerersatzteile24,Oldtimer-Ersatzteile24.de,info@ams-hagen.de
http://stores.ebay.com/mbbox24,mb-box24,info@mb-box24.de
http://stores.ebay.com/rarcarparts,RAR Carparts,verkauf@rar-carparts.com
http://stores.ebay.com/vfoparts,VFO-Parts,office@vfoparts.de
http://stores.ebay.com/rlaudin,Laudin Internationaler Handel,traderahrens@web.de
http://stores.ebay.com/gsgautoteile12,gsgautoteile12,gsgautoteile@gmx.de
http://stores.ebay.com/sixcarsautoverwertung,Six Cars Autoverwertung,info@sixcars.de
http://stores.ebay.com/autohalle24de,autohalle24de,ebay@autohalle24.de
http://stores.ebay.com/schahmotors,schahmotors,ebay@autohalle24.de
http://stores.ebay.com/airsuspensionparts,Apart - Air Suspension Parts,service@air-suspension-parts.de
http://stores.ebay.com/emsscooter,Ems-Scooter,emsscooter@web.de
http://stores.ebay.com/opelteilekrauseotk,opelteilekrause*otk,info@otk-autoteile.de
http://stores.ebay.com/buntetrodelkiste,Bunte Trödel Kiste,hakg63@alice-dsl.net
http://stores.ebay.com/getbooksde24,getbooks-de-24,info@getbooks.de
http://stores.ebay.com/werkzeuge24de,werkzeuge-24-deTel 02191/9517664,rs_tools@hotmail.de
http://stores.ebay.com/kabelschuheshop,Kalishop,info@kalishop.de
http://stores.ebay.com/endustri24,endustri24,verkauf@ozinox.com
http://stores.ebay.com/simplex05,simplex05,info@medidentaschramm.de
http://stores.ebay.com/akfmopedteile,AKF-Mopedteile,info@a-k-f.de
http://stores.ebay.com/whronline,WHR-Car&Bike,service@whr-online.de
http://stores.ebay.com/kfztools24,KFZtools24,ebay@ach-autocolor.com
http://stores.ebay.com/kkn,TEILE.COM Ersatzteile+Räder Porsche,ebay@teile.com
http://stores.ebay.com/momatechnik,MoMa-Technik Ebay-Shop,info@moma-technik.de
http://stores.ebay.com/racepoint24,Racepoint24,Racepoint24@yahoo.de
http://stores.ebay.com/gutheilgermany,gutheil-germany,salzou@freenet.de
http://stores.ebay.com/autolackierundkarosseriebedarf,Autolackier- und Karosseriebedarf,ebay@ach-autocolor.com
http://stores.ebay.com/tbsaachen,TBS Aachen Werkzeughandel seit 1987,info@tbs-aachen.de
http://stores.ebay.com/stahlstempelpragewerkzeuge,Stahlstempel + Prägewerkzeuge,info@heidenpeter.de
http://stores.ebay.com/heavytuned,Heavy Tuned GmbH,support@heavy-tuned.de
http://stores.ebay.com/britishcarsundparts,british-cars-und-parts,cooperteile@outlook.de
http://stores.ebay.com/ersazza,ErsaZZa,exoten@densus.de
http://stores.ebay.com/janettapauline,jankwitzcorner,motorrad-jankwitz@t-online.de
http://stores.ebay.com/lembergmotors,lembergmotors,lembergmotors@gmail.com
http://stores.ebay.com/dfclassic,DF-Classic,info@df-classic.de
http://stores.ebay.com/maxumtech,MAXUM-TECH,info@cea.de
http://stores.ebay.com/autogepco,auto-gepco,ebay@gepco.de
http://stores.ebay.com/unsershopcenter,UNSER-SHOP-CENTER,technic3000@yahoo.com
http://stores.ebay.com/lichtex,LICHTEX,support@lichtex.de
http://stores.ebay.com/schoenerwolf,Schöner und Wolf,info@schoener-wolf.de
http://stores.ebay.com/priara,Priara,service@priara.de
http://stores.ebay.com/autoteileherr,autoteile-herr,support@autoteile-herr.de
http://stores.ebay.com/dittmarwerkzeuge,Dittmar-Werkzeuge,ebay@dittmar-werkzeuge.de
http://stores.ebay.com/schlickercarstyling,schlicker-carstyling,ebay@schlicker-fahrzeugteile.de
http://stores.ebay.com/steigerwaldelektronik,Steigerwald Elektronik,Steigerwald.Elektronik@gmx.de
http://stores.ebay.com/rustysmaschinenhandel,Rustys Maschinenhandel,andy.loreth@gmail.com
http://stores.ebay.com/bwmat24,bw-mat24,R.Fuchsbauer@web.de
http://stores.ebay.com/tandmore,Tandmore,support@tandmore.de
http://stores.ebay.com/werkzeuge24de021919517664,Werkzeuge-24-de,rs_tools@hotmail.de
http://stores.ebay.com/rockettoolsitaly,rocket-tools-italy,service@rocket-tools.it
http://stores.ebay.com/kfzteileplusgmbh,kfzteileplus_gmbh,info@kfzteileplus.de
http://stores.ebay.com/smilefactory24,smilefactory24,info@autoteile-gilg.de
http://stores.ebay.com/ziehfixshop,ZIEH-FIX Shop,info@zieh-fix.com
http://stores.ebay.com/adapteruniverse,Adapter-Universe,info@adapter-universe.de
http://stores.ebay.com/twinstime,merbuk,info@merbuk.de
http://stores.ebay.com/maranosshop,maranos_de,ebay@maranos.de
http://stores.ebay.com/lackierereipetersshop,lackiererei-petersshop,shop@lackiererei-peters.de
http://stores.ebay.com/ausbeulwerkzeugeshop,AUSBEULWERKZEUGE-SHOP,info@ausbeulwerkzeuge-shop.de
http://stores.ebay.com/antiquariatschwarz,antiquariatschwarz,info@ausbeulwerkzeuge-shop.de
http://stores.ebay.com/radprofierfurt,radprofierfurt,radprofi-erfurt@web.de
http://stores.ebay.com/lackpoint,Lackpoint,ebay@lackpoint.de
http://stores.ebay.com/yousonlineworld,you-s-online-world,service@you-s.de
http://stores.ebay.com/jayseescarsandmore,Jaysees Cars and More,jaysees@pt.lu
http://stores.ebay.com/gteprimo,gteprimo,thomas-coswig@gmx.de
http://stores.ebay.com/qrparts24,qrparts24,ap24@crw-autoteile.de
http://stores.ebay.com/veteranicar,veteranicar,ebay@juergen-swoboda.de
http://stores.ebay.com/hvgdruckluftzubehoer,HVG-Druckluftzubehoer,service@hvg-druckluftzubehoer.de
http://stores.ebay.com/optimuswerkzeug,OPTIMUS-Shop,info@optimus-werkzeug.de
http://stores.ebay.com/kfzteileengelsdorfer,Kfz-Teile Engelsdorfer,ralf0279@web.de
http://stores.ebay.com/falthandtuch5000,Falthandtuch5000,shop@falthandtuch5000.de
http://stores.ebay.com/bkfahrzeugverwertungwallwitz,BK Fahrzeugverwertung Wallwitz,info@fahrzeug-verwertung-wallwitz.de
http://stores.ebay.com/cartecneuss,cartec-neuss,cartec-ne@web.de
http://stores.ebay.com/biskorverkauf,BISKOR_Verkauf,kontakt@hohlraumfett.de
http://stores.ebay.com/artikelwelten24,ArtikelWelten,info@artikelwelten.de
http://stores.ebay.com/zhperformance,zh-performance,info@zh-performance.de
http://stores.ebay.com/werkzeugdiscount24,werkzeugdiscount24,ebay@werkzeugdiscount24.de
http://stores.ebay.com/kahandelsgesellschaftmbh,K&A Handel,ka.handelsgesellschaft@gmail.com
http://stores.ebay.com/datonashop,Datona-Shop-Deutschland,kundenservice@datona.de
http://stores.ebay.com/automobilehs,automobile_hs,kymco.service@gmx.de
http://stores.ebay.com/itsvertrieb,its-vertrieb,shop@its-vertrieb.de
http://stores.ebay.com/reifenhandelak1986,reifenhandelak1986,reifenhandelak@web.de
http://stores.ebay.com/luechtpalm,luechtpalm,info@luecht-palm.de
http://stores.ebay.com/wamsteronline,WamSter Online,service@wamster.de
http://stores.ebay.com/stabilobefestigungstechnikshop,STABILO - Befestigungstechnik,info@stabilo-befestigungstechnik.de
http://stores.ebay.com/toplacautolackierbedarfde,TOPLAC AUTOLACKIERBEDARF DE,ebay@toplac.de
http://stores.ebay.com/hanseonline,hanse-online,info@hanse-online.com
http://stores.ebay.com/kfzchance,kfz-chance,kfzchance@gmail.com
http://stores.ebay.com/tuningfanaticsshop,Tuning-Fanatics-Shop,info@tuning-fanatics-shop.com
http://stores.ebay.com/alexwoaoriginals,ALEXWOA_ALEX_WORLD_OF_ACCESSORIES,alex@alexwoa.de
http://stores.ebay.com/itsclassicparts,its-classicparts,its.classicparts@gmail.com
http://stores.ebay.com/btunitmarki,autonavi-store,
http://stores.ebay.com/dasraderoutlet,Das Räderoutlet,klawienandree@gmail.com
http://stores.ebay.com/kpteile,kp.teile,kp.teile1aparts@gmail.com
http://stores.ebay.com/staubsaugercentermet,Staubsauger-Center-Mellrichstadt,staubprofi@hotmail.de
http://stores.ebay.com/digiteil,digiteil,info@digiteil.de
http://stores.ebay.com/mktronic,mk-tronic,mk_tronic@yahoo.de
http://stores.ebay.com/theissenreinigunstechnikgmbh,Theissen Reinigungstechnik GmbH,ebay@theissen-rt.de
http://stores.ebay.com/oscarehandel,everythingBOX,ehandel.oscar@gmail.com
http://stores.ebay.com/haiendgmbh,HAI-END GmbH,info@hai-end.com
http://stores.ebay.com/partsofus,POfUS,
http://stores.ebay.com/hvacappliancepartssupplies,"McCombs Supply Co, Inc",
http://stores.ebay.com/thetvchopshop,MI Service Parts,
http://stores.ebay.com/apliancepartsfinder,Apliancepartsfinder,
http://stores.ebay.com/partsforless2014,partsforless2014,
http://stores.ebay.com/allsortssales000,Allsorts Sales 000,
http://stores.ebay.com/wowdiscounts,WowDiscounts,customersupport@wowdiscounts.co.uk
http://stores.ebay.com/parts4myappliance,MyApplianceSpares,sales@domex-uk.co.uk
http://stores.ebay.com/sunshineroadsavingyoumoney,Sunshine*Road saving you money,
http://stores.ebay.com/applianceoempartsfast,Appliance OEM Parts Fast,
http://stores.ebay.com/massmatt1,The Surplus Store,
http://stores.ebay.com/nelsonsappliance,nelsons-appliance,
http://stores.ebay.com/treasuresbuylaurie,treasuresbuylaurie,
http://stores.ebay.com/sellingit931,Sellingit931,
http://stores.ebay.com/brodieman0917,Joseph Anthony,
http://stores.ebay.com/usapartsandmore,USA PARTS AND MORE,
http://stores.ebay.com/partsofcanada,PARTS OF CANADA LTD,
http://stores.ebay.com/powerpartsuk,powerpartsuk,info@motorcyclespares.uk.com
http://stores.ebay.com/parts4ucanada,PARTS OF CANADA LTD,
http://stores.ebay.com/carterspartsandmore,Carter Parts and More,
http://stores.ebay.com/pokypart,Mink Creek Appliance,
http://stores.ebay.com/elitedeals25,EliteDeals25,
http://stores.ebay.com/olddominionwholesale,OldDominionWholesale,
http://stores.ebay.com/partdoctors,partdoctors,
http://stores.ebay.com/lukespares,luke-spares,luke-spares@outlook.com
http://stores.ebay.com/deansdreamstore,Dean's Dream Store,
http://stores.ebay.com/peopleproductswarehouse,People Products Warehouse,
http://stores.ebay.com/heavyequipmentpartscellar,HeavyEquipmentPartsCellar,
http://stores.ebay.com/exervstore,eXeRv'Store,
http://stores.ebay.com/okieted,Okieted,
http://stores.ebay.com/azpart,AZPart,
http://stores.ebay.com/geesassortedgoods,GEE'S Assorted Goods,
http://stores.ebay.com/thepartzguy,Thepartzguy,
http://stores.ebay.com/bryanstreasuresandcollectibles,Bryan's Treasures and Collectibles,
http://stores.ebay.com/provpimp,Provpimp,
http://stores.ebay.com/asparesuk,AsparesUK,beykeozlem@yandex.com
http://stores.ebay.com/bottomlinelogistics,"Bottom Line Logistics, Inc.",
http://stores.ebay.com/wasatchoverstock,Rock CIty Beauty and Home,
http://stores.ebay.com/jhselektronik,JHS-Elektronik,jhschulte@t-online.de
http://stores.ebay.com/myeparts,Myeparts Meine Ersatzteile,info@myeparts.de
http://stores.ebay.com/haushaltsgerateersatzteilezubehor,Haushaltsgeräte Ersatzteile Zubehör,ebay@akpd.de
http://stores.ebay.com/kontorhermsen,Kontor-Hermsen,info@kontor-hermsen.de
http://stores.ebay.com/amonlineshop,A&M Markt,m.alaa@live.de
http://stores.ebay.com/zarsystems,Zar-Systems,info@zar-systems.de
http://stores.ebay.com/ventilationnord,www.VentilationNord.net,mail@ventilationnord.de
http://stores.ebay.com/kmsshop,kms-shop,kms.info@t-online.de
http://stores.ebay.com/eurosklep,EUROSKLEP,info@eurosklep.de
http://stores.ebay.com/kumajuwuppertal,Nähsortiment.de,info@kumaju.de
http://stores.ebay.com/creoven,creoven,info@creoven.com
http://stores.ebay.com/tomtomnavigationenundzubehor,TomTom Navigationen und Zubehör,ebay@elnavi.de
http://stores.ebay.com/kaat692,kaat692,Business692@web.de
http://stores.ebay.com/kaffeevollautomaten,Kaffeevollautomaten,kaffeevollautomaten@t-online.de
http://stores.ebay.com/akelektronik,AK e l e c t r o n i c s,info@aktronik-shop.de
http://stores.ebay.com/mercatoscom,MERCATOS com,ebay-sale1@mercatos.com
http://stores.ebay.com/kitchenkingde,kitchenkingde,info@kitchenking.de
http://stores.ebay.com/impexum,Impexum,purchase@impexum.com
http://stores.ebay.com/kulttempel,kulttempel,info@amikon.de
http://stores.ebay.com/nahwelt,Nähwelt,info@naehwelt.de
http://stores.ebay.com/retrobroed,Retrobroed - Games & More,contact@trouble-media.com
http://stores.ebay.com/digitechx,digi-techx,ebay@digi-techx.de
http://stores.ebay.com/karchshop,karch-shop,ebay@digi-techx.de
http://stores.ebay.com/coffeeforall,Coffee-for-all,info@coffee-for-all.de
http://stores.ebay.com/baitongminishop,Baitongminishop,
http://stores.ebay.com/appliancepartsmart,APPLIANCE PARTS MART,
http://stores.ebay.com/mqusautoparts,MQUS-AUTOPARTS,
http://stores.ebay.com/jjstuffnthings,JJ STUFF N THINGS,
http://stores.ebay.com/m77store,M77-Store,
http://stores.ebay.com/allstarappliancebulbs,007applianceparts,
http://stores.ebay.com/affordableapplianceparts,Affordable Appliance Parts,
http://stores.ebay.com/beachaudio,beachaudio,
http://stores.ebay.com/rebuy,Rebuy,
http://stores.ebay.com/redrosemommy,*HappyValleySales,
http://stores.ebay.com/dealsonallparts,Deals on All Parts,
http://stores.ebay.com/willsapplianceparts,Wills Appliance Parts,
http://stores.ebay.com/midwestapplianceparts,Midwest Appliance Parts,
http://stores.ebay.com/2006grace,The Steal Store ,
http://stores.ebay.com/3rdjobinternetsales,3rdjob Internet Sales,
http://stores.ebay.com/summitlaundryparts,Summit Laundry Parts,
http://stores.ebay.com/appliancespartfinderpro,Appliance Parts Finder Pro,
http://stores.ebay.com/partsshippedquick,PartsShippedQuick,
http://stores.ebay.com/directcoffeesuppliesaustralia,Appliance Parts Warehouse Australia,
http://stores.ebay.com/warrensdeal,warrensdeal,
http://stores.ebay.com/ecoapplianceparts,Eco-ApplianceParts,
http://stores.ebay.com/kevinfnm,kevinfnm,
http://stores.ebay.com/bidorbuy786,Bidorbuy786,
http://stores.ebay.com/findsfromfifth,Finds From Fifth,
http://stores.ebay.com/lapartsstore,eShop,
http://stores.ebay.com/alittlewhimsy,A Little Whimsy,
http://stores.ebay.com/mpowus,Mpowus,
http://stores.ebay.com/tintongstore,Tintongstore,
http://stores.ebay.com/guysstuffandmore,GUY'S STUFF AND MORE,
http://stores.ebay.com/appliancepartsapp,Appliance Parts APP,
http://stores.ebay.com/123laundry,eBay store 123laundry,
http://stores.ebay.com/cltdiscountparts,CLT_DISCOUNT-PARTS,
http://stores.ebay.com/mrquickstore,Mr Quick Store,
http://stores.ebay.com/goappliancecentral,go appliance central,
http://stores.ebay.com/factorypartz,Factory Partz,
http://stores.ebay.com/reduceyourcarbonfootprint,ReduceYourCarbonFootprint,
http://stores.ebay.com/morrisseytvandappliance,Morrissey TV and Appliance,
http://stores.ebay.com/feelpcs,Laundry Machines And Parts,
http://stores.ebay.com/cateringequipmentspareparts,CATERING EQUIPMENT SPARE PARTS,info@cateringparts.co.uk
http://stores.ebay.com/allappliancepartsalways,allappliancepartsalways,
http://stores.ebay.com/expresspartssupply,Express Parts Direct,
http://stores.ebay.com/store30242,store30242,
http://stores.ebay.com/megamartkc,Mega Mart Warehouse LLC,
http://stores.ebay.com/senecarivertrading,Seneca River Trading,
http://stores.ebay.com/appliancepartstx,appliance parts tx,
http://stores.ebay.com/appliancerenew,Rabon Services Group,
http://stores.ebay.com/homeprouk,homeprouk,
http://stores.ebay.com/sibihotdeals,Sibi Hot Deals,
http://stores.ebay.com/64374,64374,
http://stores.ebay.com/beyoushop24,Beyoushop,
http://stores.ebay.com/mikesmerchandisedecatur,Mike's Merchandise LLC,
http://stores.ebay.com/appliancepartsfaster,AppliancePARTSfaster,
http://stores.ebay.com/yoursparesshop,Yourspares,sales@yourspares.com
http://stores.ebay.com/kandpfulfillments,K and P Fulfillment's,
http://stores.ebay.com/ewanto,EWANTO,ebay@ewanto.de
http://stores.ebay.com/munichspringgmbh,MunichSpring GmbH,eb@munich-spring.com
http://stores.ebay.com/technocenterschmittelektronik,TECHNO-CENTER-SCHMITT ELEKTRONIK,tcs24@gmx.net
http://stores.ebay.com/imotorbattery,BtrPower,
http://stores.ebay.com/wannseeelectronic,Wannsee-Electronic,service@wannsee-electronic.de
http://stores.ebay.com/preiswert24shop,Preiswert24-shop,mail@preiswert24.net
http://stores.ebay.com/modellbahnschaferkoln,Modellbahn Schäfer Köln,ebay@modellbahn-shop.online
http://stores.ebay.com/autohauskaltenbachremscheid,Autohaus Kaltenbach,luca.dibari@kaltenbach-gruppe.de
http://stores.ebay.com/juwelierfineartmoers,Juwelier Fine ART MOERS,moers@juwelier-fineart.de
http://stores.ebay.com/mbtpartsshop,mbtparts-shop,bestellung@motobiketeile.de
http://stores.ebay.com/wangtaoxi1983,wangtaoxi1983,
http://stores.ebay.com/wmindustrietechnik,wm-industrietechnik,ebay@wm-industrietechnik.de
http://stores.ebay.com/mgonline247,MGOnline24/7,meikel55@freenet.de
http://stores.ebay.com/calcuso,CALCUSO,support@calcuso.de
http://stores.ebay.com/kaufklick,Kaufklick,info@Kaufklick.de
http://stores.ebay.com/artofsound,ART OF SOUND,ebay@eckhorn.com
http://stores.ebay.com/karatech,Kara-Tech,karatechratingen@gmail.com
http://stores.ebay.com/uhrenbeiwatchhouse,Watch House 1999 Uhren Onlineshop,bestellung@watchhouse.de
http://stores.ebay.com/elifebike2010,elifebike2010,
http://stores.ebay.com/vadakkuaccu,vad_akkuaccu,
http://stores.ebay.com/akkuonline,akkuonline,
http://stores.ebay.com/timeshop24,Timeshop24,ebay@timeshop24.de
http://stores.ebay.com/freizeitschmiede,freizeitschmiede,service@freizeitschmiede.com
http://stores.ebay.com/shopautoabdeckungpunktcom,Shop autoabdeckungpunktcom,autoabdeckungpunktcom@gmail.com
http://stores.ebay.com/antiquariatbucherwurm,Antiquariat Bücherwurm in Kiel,info@buecherwurm-kiel.de
http://stores.ebay.com/angebotscosmos,AngebotsCosmos,info@angebotscosmos.com
http://stores.ebay.com/gpmotorradteile,GP-MOTORRADTEILE,eurobiker85@yahoo.de
http://stores.ebay.com/powerbeststore,power-best-store,
http://stores.ebay.com/benad24,benad24,ebay@benad24.de
http://stores.ebay.com/globalmotoparts,GlobalMotoParts.com,support@GlobalMotoParts.com
http://stores.ebay.com/sommertime6666,sommertime6666,haushaltsaufloesung66@googlemail.com
http://stores.ebay.com/newhearingquality,new-hearing-quality,d.mazzucca@gmx.de
http://stores.ebay.com/vuec,VU Electronic Components (VUEC),info@vuec.co.uk
http://stores.ebay.com/muenzenfenzl,muenzen-fenzl,afenzl@gmx.de
http://stores.ebay.com/machesselbstshop,mach_es_selbst-Shop,info@mach-es-selbst.eu
http://stores.ebay.com/extremeaudiocarhifi,extremeaudio_carhifi,kontakt@extremeaudio.de
http://stores.ebay.com/zvmmedia,zvm-media,mail@ksmtrading.de
http://stores.ebay.com/kampferuhren,kampfer-uhren,kampfer-uhren@web.de
http://stores.ebay.com/buchladen65,buchladen65,kampfer-uhren@web.de
http://stores.ebay.com/fivonet,fivonet,info@fivonet.de
http://stores.ebay.com/armytekstore,Armytek Store,info@fivonet.de
http://stores.ebay.com/puzisshop,PUZIS SHOP,puzi@puzis-shop.com
http://stores.ebay.com/superbike24europa,SUPERBIKE 24 Europa,info@superbike24.eu
http://stores.ebay.com/euromarts,euromarts,
http://stores.ebay.com/uhrensheriff,uhren-sheriff,ebay@uhren-sheriff.de
http://stores.ebay.com/meincottbuserladen,MeinCottbuserL Schulwandkarten =COM,raikdominus@web.de
http://stores.ebay.com/masmotorstore,Mas-motorstore,mas.motorstore@gmail.com
http://stores.ebay.com/alexgoldankauf,alex-goldankauf,alex-goldankauf@hotmail.com
http://stores.ebay.com/jbsuhrenundschmuck,jb's Uhren und Schmuck,info@brintrup.de
http://stores.ebay.com/aquamarin4321,aquamarin4321,r.dechow60@web.de
http://stores.ebay.com/bilderfurst,Leica Store Nürnberg,store@leica-store-nuernberg.de
http://stores.ebay.com/kaufonline321,Motus-Shop_de,ebay@kaufonline321.de
http://stores.ebay.com/spares4lessshop,spares4less Shop,ebay@liebl-ip.de
http://stores.ebay.com/uhrenatelierhalle,uhrenatelier-halle,info@uhrenatelier-halle.de
http://stores.ebay.com/boldthaustechnik,Boldt Haustechnik,info@boldthaustechnik.de
http://stores.ebay.com/partworksgmbh,partworks GmbH,info@partworks.de
http://stores.ebay.com/megoha,MEGOHA,xxhasretimxx@hotmail.com
http://stores.ebay.com/dewotechnikhandelug,DeWo Technik & Handel UG,info@dewo.info
http://stores.ebay.com/numismatikmuller,Numismatik-Müller,sm_celica@web.de
http://stores.ebay.com/finepens1byairmail,FINE PENS 1 by AIRMAIL,merrettig@aol.com
http://stores.ebay.com/magomunzen,Mago-Münzen,ebay@mago-muenzen.de
http://stores.ebay.com/muenzdachs,muenzdachs,soeren.steinert@freenet.de
http://stores.ebay.com/liebhardedelmetalle,Liebhard Edelmetalle,info@Liebhard-Edelmetalle.de
http://stores.ebay.com/muenzenamdom,muenzen-am-dom,info@muenzen-am-dom.de
http://stores.ebay.com/nswleipzigdrhansenmunzhandel,nsw-leipzig Dr Hansen Münzhandel,andre.hansen@web.de
http://stores.ebay.com/fettemunzenmartinfette,fettemünzen Martin Fette,martinfette1@gmail.com
http://stores.ebay.com/alexcoinsus,alexcoinsus,alexthegreat@gmx.de
http://stores.ebay.com/mfm2000,mfm-2000,Fugger5@hotmail.com
http://stores.ebay.com/jvpcoins,JVP Coins,
http://stores.ebay.com/nextcoin,next_coin,sergiusz.m.anzelenko@gmail.com
http://stores.ebay.com/eurohaendlereu,eurohaendler-eu,info@eurohaendler.eu
http://stores.ebay.com/juweliercan,juweliercan,info@juweliercan.de
http://stores.ebay.com/groschenkabinett,Groschen-Kabinett,stefan.filip@gmx.net
http://stores.ebay.com/eurofischerallesumdieeuromunze,eurofischer Alles um die Euro Münze,info@eurofischer.de
http://stores.ebay.com/wesermunze,Wesermünze,kontakt@wesermuenze.de
http://stores.ebay.com/bekomuenzen,beko-muenzen,info@bekomuenzen.de
http://stores.ebay.com/sammlerartikeldabern,sammlerartikeldabern,freiheit-dabern@freenet.de
http://stores.ebay.com/fazsmo,Fa.ZSMO,fa.zsmo66@t-online.de
http://stores.ebay.com/kunstfischer,kunstfischer,florian.fischhaber@gmx.de
http://stores.ebay.com/kunstefan,kunSTefan,ebay@kunstefan.de
http://stores.ebay.com/antikhandelrostock,Danny Arndt Kunst & Antiquitäten,danny.arndt@me.com
http://stores.ebay.com/buchprojekt1,Buchprojekt1,ebay@buchprojekt1.de
http://stores.ebay.com/aspekt12,art-cove.com,feldmannat@gmx.de
http://stores.ebay.com/aparello4you,Aparello4you,vertrieb@aparello.de
http://stores.ebay.com/ateliermaikdanhardt,Atelier Maik Dänhardt,vertrieb@aparello.de
http://stores.ebay.com/artebalticainternational,Arte Baltica International,post@bolgersen.de
http://stores.ebay.com/kunsthausstuttgart,kunsthaus-stuttgart,info@kunsthaus-stuttgart.de
http://stores.ebay.com/michagomera,Michagomera,michael.1963@email.de
http://stores.ebay.com/galeriejacobsa,Galerie Jacobsa,galerie-jacobsa@t-online.de
http://stores.ebay.com/markenporzellanhamburg,Markenporzellan Hamburg,jwheimann@t-online.de
http://stores.ebay.com/antikvetterlein,antik-vetterlein,ulrike.vetterlein@t-online.de
http://stores.ebay.com/kunsthauslorenzpistor,KUNSTHAUS LORENZ PISTOR,antikhandel@aol.com
http://stores.ebay.com/ilmandarin0177,ilmandarin0177,ilmandarin@yahoo.de
http://stores.ebay.com/geenchen98,geenchen98,markohauschildt@web.de
http://stores.ebay.com/pfandhausjena,Pfandhaus-Jena,markohauschildt@web.de
http://stores.ebay.com/kunststoffarttrade,kunststoff art trade,kunststoffdealer@gmail.com
http://stores.ebay.com/samysfundgrube,samys-fundgrube Essen,samy1969@gmx.de
http://stores.ebay.com/thomasleonheck,THOMASLEONHECK,thomasleon.heck@web.de
http://stores.ebay.com/bathinor,bathinor,bathi@t-online.de
http://stores.ebay.com/yuni06thehighart,yuni06-the high art,goldenz06@yahoo.de
http://stores.ebay.com/irrgangfinearts,Berlin I Kunst- und Grafikhandel,tobias.wachter@outlook.com
http://stores.ebay.com/atriumgalerie,atriumgalerie,info@atriumgalerie.de
http://stores.ebay.com/exklusivundwertvoll,exklusiv-und-wertvoll,v_volquardsen@yahoo.de
http://stores.ebay.com/mista1111,mista1111,weschte@web.de
http://stores.ebay.com/2010blau2010,2010blau2010,schumacherallee@web.de
http://stores.ebay.com/kunsthandelremplin,Kunsthandel-Remplin,kunsthaus-remplin@gmx.net
http://stores.ebay.com/amorkunst,amorkunst,arnomohr.antiquitaetenundkunst@t-online.de
http://stores.ebay.com/artag24,art.ag24,nowakkurt@web.de
http://stores.ebay.com/sammlerecke,Sammlerecke Comics und Romane,info@sammlerecke.de
http://stores.ebay.com/collectordonindustrie,Collector-Donindustrie,juergen.wollmann@t-online.de
http://stores.ebay.com/heidelbergfineart,HeidelbergFineArt,info@heidelberg-fine-art.de
http://stores.ebay.com/vintageinternational,vintage-international,andreas.wambach@design-consultants.de
http://stores.ebay.com/sovetskiyclub,SovetskiyClub,
http://stores.ebay.com/guterkauf2014,guter-kauf-2014,info.guter-kauf-2014@t-online.de
http://stores.ebay.com/autodidax,autodidax,tom.sedated@googlemail.com
http://stores.ebay.com/collectorstrade,Collectors Trade,info@collectorstrade.de
http://stores.ebay.com/malaimport,Mala - Import,martinlaber@freenet.de
http://stores.ebay.com/catholicreligiousstores,catholic religious stores,jongens20111@yahoo.com
http://stores.ebay.com/designfroxxcom,designfroxxcom,designfrosch@live.de
http://stores.ebay.com/schneealm09,schneealm09,info@schneealm09.de
http://stores.ebay.com/dailydealonline,dailydealonline Shop,reich.neumann.gbr@gmail.com
http://stores.ebay.com/stateoftime,state_of_time,info@state-of-time.de
http://stores.ebay.com/preciouscollectibles4you,preciouscollectibles4you,
http://stores.ebay.com/vintagesourcepro,Vintage Source Pro,vintage-source-pro@online.de
http://stores.ebay.com/dergutebuchladen,Der nahezu gute Buchladen,bruddenbooks@t-online.de
http://stores.ebay.com/chilldealshop,CHILLDEALSHOP,info@redbridgejeans.de
http://stores.ebay.com/einzigartigandro,einzigARTig andro,einzigartig-andro@gmx.de
http://stores.ebay.com/mimistoreberlin,Mimi Store Berlin,info@hevit.de
http://stores.ebay.com/antiquariatwebergbr,antiquariat-weber-gbr,mail@antiquariat-weber.de
http://stores.ebay.com/buchfundusberlin,buchfundus-berlin,order@buch-fundus.de
http://stores.ebay.com/eurus200050,eurus200050,maik_huettmeyer@web.de
http://stores.ebay.com/zeitzeichenberlin,ZeitZeichen,zeitzeichen36@werk8.com
http://stores.ebay.com/antiquesfromeurope,antiquesfromeurope,antiquesfromeurope@gmx.net
http://stores.ebay.com/antikfuchs24,antikfuchs24,antikfuchs24@web.de
http://stores.ebay.com/traveantiktravemuende,traveantik-travemuende,ebay@traveantik.de
http://stores.ebay.com/faireinkaufen,fair-einkaufen,ebay@fair-einkaufen.de
http://stores.ebay.com/jewelrystorebabik,Jewelrystore-Babik,info@jewelrystore-babik.com
http://stores.ebay.com/antikeoriginalgraphik,Antike Original-Graphik,stvoelkel@web.de
http://stores.ebay.com/auroraantikboutique,Aurora Antik Boutique,stvoelkel@web.de
http://stores.ebay.com/finestcarpets,persiansmen,orient-carpet@web.de
http://stores.ebay.com/gitarrenvongitarrenlehrer,GITARREN VON GITARREN-LEHRER,sebastian.meyer@t-online.de
http://stores.ebay.com/annodazumalantikschmuck,anno dazumal,info@annodazumal-celle.de
http://stores.ebay.com/mickeyundco,mickeyundco,rast.stolpe@t-online.de
http://stores.ebay.com/eyecouture,eye-coulture,premiumeyewear24@gmail.com
http://stores.ebay.com/carpetprince,teppichprinz_de,info@sherzada.de
http://stores.ebay.com/vintageisland,vintage-island,vintage1980@gmx.de
http://stores.ebay.com/hollywoodkatsshop,Hollywoodkat s Shop,bea@photokat.com
http://stores.ebay.com/nuva66,Alex Tafeldekoration & Accessoires,alexei.borodin12@gmail.com
http://stores.ebay.com/suneyeglasses,Luxusglasses,dr.elghoulm@yahoo.de
http://stores.ebay.com/jugendstiltiffanyglaskunst69,jugendstil-tiffany-glaskunst69,h.a.matthes@kabelmail.de
http://stores.ebay.com/kermitmyfrog,kermit-my-frog,
http://stores.ebay.com/timelessanddesign,timelessanddesign,papeterie.breck@gmx.de
http://stores.ebay.com/kaufdirwasschoenes49,kaufdirwasschoenes49-antikschmuck,artemis-kunst@t-online.de
http://stores.ebay.com/cvviolins,CV-violins,ebay@geigenbauwerkstatt.com
http://stores.ebay.com/traum2211,traum2211,klingner25@gmx.de
http://stores.ebay.com/vitorbelfort,VITOR-BELFORT,wanderlei@kabelmail.de
http://stores.ebay.com/kobeskrefeld,kobes-krefeld,ebay@kobes-krefeld.de
http://stores.ebay.com/vielesumehr,vieles*u*mehr,vieles_mehr@gmx.de
http://stores.ebay.com/antiquariatbookfarm,antiquariat_bookfarm,kontakt@bookfarm.de
http://stores.ebay.com/wesellall,we-sell-all,info@berlin-watches.com
http://stores.ebay.com/flexcom,mashashop,flexcomshop@aol.com
http://stores.ebay.com/authenticafricanarts,Authentic African Arts,
http://stores.ebay.com/antikspielzeughandelotto,Antikspielzeughandel Otto,antikspielzeughandel@freenet.de
http://stores.ebay.com/ondego,ondego,service@ondego.de
http://stores.ebay.com/wallpapermuralsshop,Wallpaper Murals Shop,
http://stores.ebay.com/miripalace,Miri Antiques ( miri-palace ),mo@miri.de
http://stores.ebay.com/ms202mm,Ms202MM,
http://stores.ebay.com/binoar,binoar,
http://stores.ebay.com/mosanimosaico,Mosani´Mosaico,info@mosani.de
http://stores.ebay.com/musicoutletshop,music-outlet-shop,music-outlet@gmx.de
http://stores.ebay.com/photographicade,Photographica de,c.stemmer@photographica-langen.de
http://stores.ebay.com/npire,NPIRE,c.stemmer@photographica-langen.de
http://stores.ebay.com/artfour,artfour black forest antiques,info@artfour.de
http://stores.ebay.com/etzel5,etzel5,jenssauber@t-online.de
http://stores.ebay.com/vitabo10,vitabo10,bobshimanovich@gmail.com
http://stores.ebay.com/fledermausladen,Fledermausladen,avkunz@aol.com
http://stores.ebay.com/muenzenstube,schmuckstube6161,schmuckstube-bochum@hotmail.de
http://stores.ebay.com/watchbroker24,watchbroker24,info@watchbroker24.eu
http://stores.ebay.com/bluemoondesigns,bluemoondesigns,BarbaraMarcus_99@yahoo.com
http://stores.ebay.com/altebucherundpostalhistory,Alte Bücher und Postal History,roland.fuechsle@t-online.de
http://stores.ebay.com/nachtsichttechnikjahnke,Nachtsichttechnik Jahnke,info@nachtsichttechnik-jahnke.de
http://stores.ebay.com/neuhausenantik,Neuhausen Antik,kontakt@antik-schloss.de
http://stores.ebay.com/demetri198783,demetri198783,s-kulke@t-online.de
http://stores.ebay.com/tucholsklavier,tucholsklavier,theodorschmidt@googlemail.com
http://stores.ebay.com/hammelburgerantiquariat,Hammelburger Antiquariat,theodorschmidt@googlemail.com
http://stores.ebay.com/luxusfreund24,Luxus-Freund24,info@luxus-freund24.de
http://stores.ebay.com/arabesceantiqueshop,Arabesce-Antique-Shop,arabesce-antique@web.de
http://stores.ebay.com/lulustarvintage,lulustarvintage,patrizia-schmidt@web.de
http://stores.ebay.com/artdesignclassics,art-design-classics,ebay@art-design-classics.de
http://stores.ebay.com/hackisantikshop,hackisantikshop,stephan.hackenberg@online.de
http://stores.ebay.com/originalclassikershop,Original-Classiker-Shop,pette1976@yahoo.de
http://stores.ebay.com/dogonafricanartgallery,Dogon African Art Gallery,africanart-gallery@t-online.de
http://stores.ebay.com/stilelementeartdeco,stilelemente-artdeco,stilelemente@gmx.de
http://stores.ebay.com/sternschmuck,Sternschmuck,isopoda03@web.de
http://stores.ebay.com/geweiheundtrophaenkrumholz,Geweihe und Trophäen KRUMHOLZ,jagdversand-krumholz@gmx.de
http://stores.ebay.com/antiquariatclemenspauluschgmbh,Antiquariat Clemens Paulusch GmbH,cpaulusch@gmx.de
http://stores.ebay.com/diamondsmore,diamonds+more,dallinger-kaufland@gmx.de
http://stores.ebay.com/antikhandelboschan,Antikhandel Boschan,anne15831@freenet.de
http://stores.ebay.com/schuhhausvormbrock,schuhhaus_vormbrock,info@schuh-vormbrock.de
http://stores.ebay.com/roxykg1shop,ROXYKG1-SHOP,oliverkopp111@aol.de
http://stores.ebay.com/philaandmore,phila-and-more,ivi25@web.de
http://stores.ebay.com/design37073,Design37073,info@fifty-five.de
http://stores.ebay.com/luxurychronogermany,Luxurychrono_germany,info@luxurychrono.de
http://stores.ebay.com/mdmlederhaus,MDM Lederhaus,mdm-versand@web.de
http://stores.ebay.com/intelligenta,Intelligenta,intelligenta1@intelligenta.de
http://stores.ebay.com/sacaperle,sac-à-perle,kontakt@alte-kronleuchter.berlin
http://stores.ebay.com/doktorfisch111,doktorfisch111,doktorfisch1@web.de
http://stores.ebay.com/collectorsworld20,collectorsworld2.0,cw2.0@web.de
http://stores.ebay.com/wedderbruuk,Wedderbruuk,ebay@wedderbruuk.de
http://stores.ebay.com/savebusammlerwaren,Savebu-Sammlerwaren,frankburghard@yahoo.de
http://stores.ebay.com/jannussantik,Jannuss Antik,jannuss@freenet.de
http://stores.ebay.com/nostalgieshop,Nostalgie-Shop,Nostalgie.Shop.HH@web.de
http://stores.ebay.com/magisterfranzpeterrus,Magister Franz Peter Ruß,luise-viktoria@t-online.de
http://stores.ebay.com/tzlausitz,tz_lausitz,thomas.zschornack@freenet.de
http://stores.ebay.com/ratisbonsauktionen,ratisbons-auktionen,ebay@ratisbons.com
http://stores.ebay.com/lichtserviceschrader,lichtservice-schrader,office@lichtservice-schrader.de
http://stores.ebay.com/verosonlineshop,veros-onlineshop,info@veros-onlineshop.de
http://stores.ebay.com/coinhousenumis,coin-house numis,info@fassaden-sanierung.de
http://stores.ebay.com/artemariashop,artemaria_shop,maria-moretti@freenet.de
http://stores.ebay.com/antiqueakkocity,antique.akko.city,
http://stores.ebay.com/evavintageshop,EVA VINTAGE SHOP,verapelliccia@yahoo.de
http://stores.ebay.com/toschshop,tosch-shop,webmaster@tschoenleiter.de
http://stores.ebay.com/brunderthamburg,brundert-hamburg,antikexport-hamburg@web.de
http://stores.ebay.com/eigenwille,eigenwille,edgarstoerkmann@yahoo.de
http://stores.ebay.com/kunsthausmagdeburg,KunsthausMagdeburg,kunsthausmd@t-online.de
http://stores.ebay.com/bmmotorsportandmore,bm-motorsportandmore,bm-motorsport@t-online.de
http://stores.ebay.com/popartkunsthaus,PopART-Kunsthaus,kunsthausdrkalden@gmail.com
http://stores.ebay.com/sammelartikelausglasporzellan,Sammelartikel aus Glas + Porzellan,sammelartikel-blieske@gmx.de
http://stores.ebay.com/gott1111,gott1111,jammypac@gmx.de
http://stores.ebay.com/grafikliebhaber,Grafikliebhaber,email@galerie-himmel.de
http://stores.ebay.com/irrgangfinearts,Berlin I Kunst- und Grafikhandel,tobias.wachter@outlook.com
http://stores.ebay.com/littlebighornde,little big horn de,info@little-big-horn.com
http://stores.ebay.com/absolutandre,absolutandre,weinschelbaum@gmx.net
http://stores.ebay.com/jugendstillampen,LightArtShop,valdix.jugendstil-artdeco@t-online.de
http://stores.ebay.com/arthousephoenix,arthouse-phoenix,ebay@phoenix-nm.de
http://stores.ebay.com/europestil18,Europe-stil-18,
http://stores.ebay.com/fichterart,fichterart,ebay@fichterart.de
http://stores.ebay.com/charlysstore,Charlysstore,zutus@freenet.de
http://stores.ebay.com/shoprosenrot,shop-rosenrot,renate.obermaier@googlemail.com
http://stores.ebay.com/forwall2014,forwall2014,forwall2014@forwallviewer.eu
http://stores.ebay.com/martinterior,M-art-interior,mrsgoja@gmx.de
http://stores.ebay.com/brillibrum,Brillibrum,info@brillibrum.de
http://stores.ebay.com/ghmitstore,Hardware@Günstig@GHM-IT GmbH,info@ghmit.de
http://stores.ebay.com/carloxx24,carloxx,bestellung@carloxx.de
http://stores.ebay.com/secretofart,secret-of-art masonic templar rings,info@secret-of-art.de
http://stores.ebay.com/rolandantiquariat,Roland Antiquariat,info@rolandantiquariat.de
http://stores.ebay.com/antikprintsantiquemaps,antik-prints-antique maps,detlef@reitzuch.de
http://stores.ebay.com/lenasshop12,lenas-shop12,icifci@web.de
http://stores.ebay.com/ithardwaresystem,IT-Hardware-System,Tech-Flair@gmx.de
http://stores.ebay.com/koenigslust,koenigslust,shop@koenigslust.de
http://stores.ebay.com/kiteskurioseraritaten,Kite's Kuriose Raritäten,info@k-k-r.de
http://stores.ebay.com/modernmotortischdesignopielka,Modern Motortisch Design Opielka,motortisch@gmx.de
http://stores.ebay.com/antiquariatmagisterrus,Magister Ruß,fuligo@t-online.de
http://stores.ebay.com/gemaldegalerie,Gemälde-Galerie,marcozambon@t-online.de
http://stores.ebay.com/treptowerbucherkabinett,Treptower Bücherkabinett,volha.schultz@web.de
http://stores.ebay.com/magicshop24,magic-shop24,trinity-321@gmx.de
http://stores.ebay.com/chinchon,chinchon,w.steinbeiss@gmx.de
http://stores.ebay.com/russlandskunsthandwerk,Kunst & Hand & Werk,parfjonow@gmx.de
http://stores.ebay.com/collarpoppa,Collar Poppa,collarpoppa@gmail.com
http://stores.ebay.com/thielemann1897,Thielemann - Made in Germany,info@thielemann-lederwaren.de
http://stores.ebay.com/azamenterprises,Azam Enterprises,
http://stores.ebay.com/fashionforwoman,fashionforwoman,renateshop@hotmail.de
http://stores.ebay.com/wonderlustkingemporium,Wonderlustking*Emporium,emporium@wonderlustking.com
http://stores.ebay.com/stegon1,stegon-1,StegOn@gmx.de
http://stores.ebay.com/modamodashop,ModaModa Shop,shop@modamoda.de
http://stores.ebay.com/casualselection,Casual Selection,nikolov.germany@gmail.com
http://stores.ebay.com/evafechnerdesign,Eva-Fechner-Design,evafechnerdesign@yahoo.de
http://stores.ebay.com/modamodadeshop,ModaModa_de Shop,moda@modamoda.de
http://stores.ebay.com/bzna,BZNA,contact@bzna.de
http://stores.ebay.com/diamondempireshop,diamondempireshop,info@diamondempireshop.de
http://stores.ebay.com/msdesignershop,MS DESIGNERSHOP,info@msdesignershop.de
http://stores.ebay.com/hollyy10shop,HOLLYY10-SHOP,holly2201@web.de
http://stores.ebay.com/derdachboden,derdachboden,antiklampenberlin@t-online.de
http://stores.ebay.com/multimediumeurope,multimedium_europe,info@multimedium.eu
http://stores.ebay.com/24gallery,24gallery,info@galerie-feddema.de
http://stores.ebay.com/ittoskana,ittoskana,besttoskana@web.de
http://stores.ebay.com/swedenluxurysales,Sweden Luxury Sales,ebay@eldigo.eu
http://stores.ebay.com/kunstantiquariatonline2,kunstantiquariat-online-2,shop@landkartenkontor.de
http://stores.ebay.com/salisberlin,salisberlin,artmansberg@aol.com
http://stores.ebay.com/platinumclubshop,PLATINUMCLUB SHOP,ebay@platinumclub.de
http://stores.ebay.com/fursandmoregermany,pelzundmehr13,pelzeundmehr@yahoo.de
http://stores.ebay.com/sandtuhr,Sandtuhr,sandtuhr@web.de
http://stores.ebay.com/fashionrooms24,FashionRooms24,info@fashionrooms.de
http://stores.ebay.com/lederkotten,Lederkotten,birgit.boog@t-online.de
http://stores.ebay.com/orientalischekunsthandwerk,ORIENTALISCHE-KUNSTHANDWERK,bazar-orient@web.de
http://stores.ebay.com/hpwcardesign,hpw.cardesign,welterhp@freenet.de
http://stores.ebay.com/arthome24vintage,Arthome24-Vintage,arthome-vintage@gmx.de
http://stores.ebay.com/savebusammlerwaren,Savebu-Sammlerwaren,frankburghard@yahoo.de
http://stores.ebay.com/akneeel,akneeel,newashop@aol.com
http://stores.ebay.com/hospasilikon,hospa-silikon,newashop@aol.com
http://stores.ebay.com/fronhofergurtelundaccessoires,FRONHOFER Gürtel & Hundehalsbänder,info@fronhofer.com
http://stores.ebay.com/hellmannfineart,HELLMANN FINE ART,post@kunsthandel-hellmann.de
http://stores.ebay.com/midmodshop,WWW.MIDMOD.DE,info@midmod.de
http://stores.ebay.com/germandelimarket,germanDeliMarket,silviasoutletstore@t-online.de
http://stores.ebay.com/annowe,Antik Nordwest,antik-nordwest@t-online.de
http://stores.ebay.com/shop6zip9,shop6zip9,nice-stuff@netcologne.de
http://stores.ebay.com/herrkatins,herrkatins,herrkatins@gmx.de
http://stores.ebay.com/collectorschoicegermany,collectors choice germany,silvia-tischer@web.de
http://stores.ebay.com/schatzsammler,Schatz-Sammler,hildebrandt_dennis@web.de
http://stores.ebay.com/lesstylesmodernes,LES_STYLES_MODERNES,bauer-antik@t-online.de
http://stores.ebay.com/fiftieshomestyle,fiftieshomestyle,formbedarf@web.de
http://stores.ebay.com/latamarisantiquesjewelryandmore,latamaris antiques jewelry and more,info.latamaris@t-online.de
http://stores.ebay.com/antikfrankfurt,Antik-Frankfurt,antik-nordwest@t-online.de
http://stores.ebay.com/prettyonlineshop,prettyonlineshop,network@gmx.info
http://stores.ebay.com/designandarts,design-and-arts,info@design-and-arts.com
http://stores.ebay.com/plutoraker,plutoraker,plutoraker411@aol.com
http://stores.ebay.com/aufsch,aufsch,aufsch@gmx.de
http://stores.ebay.com/iloveantix,iloveantix,jan.roelen@gmx.de
http://stores.ebay.com/capricornvintage,Capricorn-Vintage,kontakt@romangast.de
http://stores.ebay.com/objektcult,objektcult,info@objektcult.de
http://stores.ebay.com/schwan1879,schwan1879,
http://stores.ebay.com/klauktionen,klauktionen,info@klauktionen.de
http://stores.ebay.com/freistil20,freistil20,detlefstuehmer@aol.com
http://stores.ebay.com/aliceimwunderlnd,alice_im_wunderland75,Alice-im-Wunderland75@web.de
http://stores.ebay.com/wienverkaufsservice,wien-verkaufsservice,fa.wien@web.de
http://stores.ebay.com/jatonlinehandeln,JAT Online Handeln,fa.wien@web.de
http://stores.ebay.com/vitrine144online,vitrine144-online,vitrine144@yahoo.de
http://stores.ebay.com/josantikstroedelkiste,jos-antiks Troedelkiste,Jensstehr@aol.com
http://stores.ebay.com/glassdesignantik,glass.design.antik,iris.bien7@gmail.com
http://stores.ebay.com/porzelliner,porzelliner,Piternieks@t-online.de
http://stores.ebay.com/schalterschlau,schalterschlau,schalterklug@gmx.de
http://stores.ebay.com/edjogedesign,edjogedesign,gebhard222@googlemail.com
http://stores.ebay.com/semperbonis,semperbonis,markus-schieder@gmx.de
http://stores.ebay.com/wohnstudioweingart,wohnstudio weingart,info@format-modern.de
http://stores.ebay.com/camillehervier,camillehervier  20th century design,zarah70@web.de
http://stores.ebay.com/ecaprese,e-Caprese,impexhandel886@aol.de
http://stores.ebay.com/onkelwaltershop,onkel-walter-shop,info@GoByGW.de
http://stores.ebay.com/dachbodenfund,dachbodenfund,320055182355-0001@t-online.de
http://stores.ebay.com/heissesblechdach,heissesblechdach,heissesblechdach@web.de
http://stores.ebay.com/artenreichaachen,ARTENREICH,artenreich_ac@web.de
http://stores.ebay.com/glaskiliandeshop,glaskilian.de_shop,info@glaskilian.de
http://stores.ebay.com/berlinerhandelskontor,berliner-handelskontor,berliner-handelskontor@arcor.de
http://stores.ebay.com/bavarianlinens,bavarianlinens,maiwenn1500@yahoo.de
http://stores.ebay.com/antikekiste,antikekiste,antikekiste@outlook.de
http://stores.ebay.com/vintagelensbureau,vintage lens bureau,antikekiste@outlook.de
http://stores.ebay.com/squaredancer68,squaredancer68,stephanknuhr@aol.com
http://stores.ebay.com/auricherfundgrube,Auricherfundgrube,info@auricherfundgrube.de
